owner_id,owner_name
101,Alice
102,Bob
103,Charlie
104,David
105,Eva
106,Frank
107,Grace
108,Hannah
109,Isaac
110,Jack
111,Katherine
112,Liam
113,Mia
114,Noah
115,Olivia
116,Paul
117,Quinn
118,Rachel
119,Sophia
120,Thomas
121,Uma
122,Victor
123,Wendy
124,Xander
125,Yara
126,Zane
127,Adrian
128,Bella
129,Caleb
130,Diana
131,Ethan
132,Fiona
133,George
134,Hazel
135,Ivy
136,John
137,Kara
138,Leo
139,Molly
140,Nina
141,Oscar
142,Piper
143,Quincy
144,Ruby
145,Samuel
146,Tara
147,Ulysses
148,Vera
149,Will
150,Zoe
